Workbook

Sheet dados_coletados
A1: INSTITUIÇÃO DE ENSINO | B1: TURNO | C1: CURSO NA INTITUIÇÃO | D1: GRAU | E1: SÉRIE | F1: TURMA | G1: MATRÍCULA | H1: CARTÃO | I1: NOME | J1: NASCIMENTO | K1: CPF | L1: RG | M1: EXPEDIDOR | N1: EXPEDIÇÃO | O1: SEXO | P1: TELEFONE | Q1: CELULAR | R1: EMAIL | S1: CEP | T1: ENDERECO | U1: COMPLEMENTO | V1: NÚMERO | W1: BAIRRO | X1: CIDADE | Y1: UF | Z1: MÃE | AA1: PAI | AB1: APTO | AC1: CADASTRADO | AD1: ALTERDADO | AE1: BLOQUEIO | AF1: BLOQUEADO
A2: 7381 .::. U.I. PROFª NADIR NASCIMENTO MORAES | B2: Vespertino | C2: 41 .::. FUNDAMENTAL II (6º AO 9º ANO) | D2: 1º grau | E2: 6 ANO | I2: Adrian Carlos da Silva Castro | J2: 41210 | K2: 62401535322 | L2: 586116220160 | M2: SSP MA | N2: 42471 | O2: Masculino | Q2: (98) 9 9613 7804 | S2: 65.130-000 | T2: AVENIDA JOSE BUHOFER | U2: AVENIDA | V2: 10 | W2: VILA NAZARE | X2: 2351 .::. Paço do Lumiar | Y2: MA | Z2: Carliana Lima da Silva | AA2: Allan Dias de Castro | AB2: Sim | AC2: 45566.684 | AD2: 45566.684
A3: 7381 .::. U.I. PROFª NADIR NASCIMENTO MORAES | B3: Matutino | C3: 40 .::. FUNDAMENTAL I (1º AO 5º ANO) | D3: 1º grau | E3: 3 ANO | I3: Agatha Cristina da Silva Feitosa | J3: 42441 | K3: 63622510323 | O3: Feminino | Q3: (98) 9 8151 3038 | S3: 65.130-000 | T3: RUA A | U3: CP 38 CS 10 PS 8 | V3: 101 | W3: SITIO NATUREZA | X3: 2351 .::. Paço do Lumiar | Y3: MA | Z3: Andrea Patricia da Silva Estácio | AA3: Franscisco das Chagas Feitosa | AB3: Sim | AC3: 45568.322 | AD3: 45568.322
A4: 7381 .::. U.I. PROFª NADIR NASCIMENTO MORAES | B4: Vespertino | C4: 41 .::. FUNDAMENTAL II (6º AO 9º ANO) | D4: 1º grau | E4: 8 ANO | I4: Alexandre Bastos Pinheiro | J4: 40551 | K4: 62022470370 | L4: 544223920147 | M4: SSP MA | N4: 41940 | O4: Masculino | S4: 65.130-000 | T4: AVENIDA HILTON ROCHA . QUADRA 33 | U4: AVENIDA | V4: 8 | W4: PRESIDENTE VARGAS / MAIOBÃO | X4: 2351 .::. Paço do Lumiar | Y4: MA | Z4: Maria Jose do Nascimento Bastos Pinheiro | AA4: Eduardo dos Santos Pinheiro | AB4: Sim | AC4: 45581.615 | AD4: 45583.308
A5: 7381 .::. U.I. PROFª NADIR NASCIMENTO MORAES | B5: Matutino | C5: 40 .::. FUNDAMENTAL I (1º AO 5º ANO) | D5: 1º grau | E5: 2 ANO | I5: Alexandre Gregory do Rosario Abreu | J5: 42624 | K5: 9507684301 | O5: Masculino | Q5: (98) 9 8702 8832 | S5: 65.110-000 | T5: AVENIDA 02 | U5: AVENIDA | V5: 321 | W5: VILA SARNEY FILHO | X5: 2401 .::. São José de Ribamar | Y5: MA | Z5: Dayse Silva do Rosário Abreu | AA5: Crysthian Gregory Abreu Costa | AB5: Sim | AC5: 45567.353 | AD5: 45567.433
A6: 7381 .::. U.I. PROFª NADIR NASCIMENTO MORAES | B6: Matutino | C6: 40 .::. FUNDAMENTAL I (1º AO 5º ANO) | D6: 1º grau | E6: 5 ANO | I6: Alex Raylan Costa Nogueira | J6: 41576 | K6: 63271129355 | O6: Masculino | S6: 65.130-000 | T6: RUA 10 | U6: QUADRA 19 | V6: 20 | W6: JARDIM SANTA CLARA | X6: 2351 .::. Paço do Lumiar | Y6: MA | Z6: Rafaela Costa do Nascimento | AA6: Adanias Nogueira | AB6: Sim | AC6: 45573.358 | AD6: 45573.358
A7: 7381 .::. U.I. PROFª NADIR NASCIMENTO MORAES | B7: Vespertino | C7: 41 .::. FUNDAMENTAL II (6º AO 9º ANO) | D7: 1º grau | E7: 7 ANO | I7: Alice Asevedo Bittencourt | J7: 40848 | K7: 63208134312 | L7: 678293520182 | M7: SSP MA | N7: 43384 | O7: Feminino | Q7: (98) 9 8422 2542 | S7: 65.130-000 | T7: RUA B QUADRA 14 | U7: RUA | V7: 3 | W7: MAIOBAO | X7: 2351 .::. Paço do Lumiar | Y7: MA | Z7: Catharina Maria Azevedo Chaves | AA7: Marcello Carvalho Bittencourt | AB7: Sim | AC7: 45567.707 | AD7: 45567.707
A8: 7381 .::. U.I. PROFª NADIR NASCIMENTO MORAES | B8: Matutino | C8: 40 .::. FUNDAMENTAL I (1º AO 5º ANO) | D8: 1º grau | E8: 3 ANO | I8: Alice Ferreira Alves | J8: 42229 | K8: 8559046232 | O8: Feminino | Q8: (94) 9 9127 7430 | S8: 65.130-000 | T8: RUA 140 | U8: QUADRA 126 | V8: 20 | W8: MAIOBAO | X8: 2351 .::. Paço do Lumiar | Y8: MA | Z8: Lindalva Silva Ferreira | AA8: Roberto Correia Alves | AB8: Sim | AC8: 45568.324 | AD8: 45568.324
A9: 7381 .::. U.I. PROFª NADIR NASCIMENTO MORAES | B9: Vespertino | C9: 41 .::. FUNDAMENTAL II (6º AO 9º ANO) | D9: 1º grau | E9: 7 ANO | I9: Alvaro Ezequiel de Sousa Machado | J9: 40032 | K9: 62629405370 | L9: 614637320177 | M9: SSP MA | N9: 42790 | O9: Masculino | Q9: (98) 9 8708 0515 | S9: 65.130-000 | T9: AVENIDA DOS COLABORADORES TV 11 QD 11 | U9: AVENIDA | V9: 12 | W9: PRESIDENTE VARGAS | X9: 2351 .::. Paço do Lumiar | Y9: MA | Z9: Anny Karolynny de Sousa Machado | AB9: Sim | AC9: 45567.697 | AD9: 45567.697
A10: 7381 .::. U.I. PROFª NADIR NASCIMENTO MORAES | B10: Vespertino | C10: 41 .::. FUNDAMENTAL II (6º AO 9º ANO) | D10: 1º grau | E10: 9 ANO | F10: B | I10: Amanda Emilly de Sousa Correa | J10: 40253 | K10: 61920925325 | L10: 532571120140 | M10: SSP MA | N10: 41837 | O10: Feminino | Q10: (98) 9 8714 9252 | S10: 65.130-000 | T10: RUA D QUADRA 06 | U10: RUA | V10: 35 | W10: NOVO HORIZONTE | X10: 2351 .::. Paço do Lumiar | Y10: MA | Z10: Aline Figueiredo de Sousa Correa | AA10: Andre Luis de Jesus Correa | AB10: Sim | AC10: 45574.661 | AD10: 45583.322
A11: 7381 .::. U.I. PROFª NADIR NASCIMENTO MORAES | B11: Vespertino | C11: 41 .::. FUNDAMENTAL II (6º AO 9º ANO) | D11: 1º grau | E11: 6 ANO | I11: Ana Allicya Matos Guimaraes da Silva | J11: 41361 | K11: 62270235312 | L11: 570371120153 | M11: SSP MA | N11: 42263 | O11: Feminino | Q11: (98) 9 9122 9995 | S11: 65.130-000 | T11: RUA NOVA | U11: RUA | W11: MAIOBAO | X11: 2351 .::. Paço do Lumiar | Y11: MA | Z11: Lilia Raquel Matos Guimaraes | AA11: Uiron Marcos Everton da Silva | AB11: Sim | AC11: 45566.654 | AD11: 45566.654
A12: 7381 .::. U.I. PROFª NADIR NASCIMENTO MORAES | B12: Vespertino | C12: 41 .::. FUNDAMENTAL II (6º AO 9º ANO) | D12: 1º grau | E12: 9 ANO | F12: A | I12: Ana Beatriz de Sousa Nunes | J12: 40133 | K12: 62929571365 | L12: 647318120181 | M12: SSP MA | N12: 43122 | O12: Feminino | Q12: (98) 9821 7516 | S12: 65.110-000 | T12: RUA VITORIA | U12: RUA | V12: 14 | W12: VILA KIOLA | X12: 2401 .::. São José de Ribamar | Y12: MA | Z12: Carmen Celia Ferreira de Sousa | AA12: Irandir Araujo Nunes | AB12: Sim | AC12: 45573.636 | AD12: 45583.322
A13: 7381 .::. U.I. PROFª NADIR NASCIMENTO MORAES | B13: Matutino | C13: 40 .::. FUNDAMENTAL I (1º AO 5º ANO) | D13: 1º grau | E13: 4 ANO | I13: Ana Beatriz Monteiro Silva | J13: 41905 | K13: 62566981345 | O13: Feminino | S13: 65.130-000 | T13: RUA D | U13: QUADRA 21 | V13: 38 | W13: NOVO HORIZONTE | X13: 2351 .::. Paço do Lumiar | Y13: MA | Z13: Rayanne Elaine Garcez da Silva | AA13: Emanuel Monteiro de Lima | AB13: Sim | AC13: 45568.41 | AD13: 45568.41
A14: 7381 .::. U.I. PROFª NADIR NASCIMENTO MORAES | B14: Vespertino | C14: 41 .::. FUNDAMENTAL II (6º AO 9º ANO) | D14: 1º grau | E14: 9 ANO | F14: A | I14: Anabela Veloso de Brito | J14: 40043 | K14: 62790011303 | L14: 632558820175 | M14: SSP MA | N14: 42984 | O14: Feminino | Q14: (98) 9 8877 9747 | S14: 65.130-000 | T14: RUA QUADRA | U14: RUA | W14: MAIOBAO | X14: 2351 .::. Paço do Lumiar | Y14: MA | Z14: Keila Nunes Veloso | AA14: Hugo Deleon Lima de Brito | AB14: Sim | AC14: 45574.608 | AD14: 45574.608
A15: 7381 .::. U.I. PROFª NADIR NASCIMENTO MORAES | B15: Vespertino | C15: 41 .::. FUNDAMENTAL II (6º AO 9º ANO) | D15: 1º grau | E15: 7 ANO | I15: Ana Caroline Silva Martins | J15: 40926 | K15: 62055718380 | L15: 547704020146 | M15: SSP MA | N15: 41983 | O15: Feminino | Q15: (98) 9 8606 2914 | S15: 65.130-000 | T15: RUA 02 QUADRA 04 | U15: RUA | V15: 8 | W15: SANTA CLARA | X15: 2351 .::. Paço do Lumiar | Y15: MA | Z15: Valdilene Silva Martins | AA15: Harrison Rodrigues Martins | AB15: Sim | AC15: 45568.608 | AD15: 45568.608
A16: 7381 .::. U.I. PROFª NADIR NASCIMENTO MORAES | B16: Vespertino | C16: 41 .::. FUNDAMENTAL II (6º AO 9º ANO) | D16: 1º grau | E16: 9 ANO | F16: A | I16: Ana Carolyne Campos de Sousa | J16: 40203 | K16: 63629069347 | L16: 7291000620200 | M16: SSP MA | N16: 44056 | O16: Feminino | Q16: (98) 9 8612 1604 | S16: 65.130-000 | T16: RUA DA MANGA | U16: RUA | V16: 1 | W16: LIMA VERDE | X16: 2351 .::. Paço do Lumiar | Y16: MA | Z16: Tabda Campos de Sousa | AA16: Eudes de Sousa Viana | AB16: Sim | AC16: 45574.595 | AD16: 45583.322
A17: 7381 .::. U.I. PROFª NADIR NASCIMENTO MORAES | B17: Vespertino | C17: 41 .::. FUNDAMENTAL II (6º AO 9º ANO) | D17: 1º grau | E17: 9 ANO | F17: A | I17: Ana Clara Mendes Costa | J17: 40041 | K17: 62042472395 | L17: 546441920140 | M17: SSP MA | N17: 41967 | O17: Feminino | Q17: (98) 9 9968 3454 | S17: 65.130-000 | T17: TRAVESSA 26 QUADRA 26 | U17: TRAVESSA | V17: 12 | W17: PRESIDENTE VARGAS | X17: 2351 .::. Paço do Lumiar | Y17: MA | Z17: Cleonice de Jesus Mendes Costa | AA17: Josivaldo Gomes Costa | AB17: Sim | AC17: 45574.592 | AD17: 45583.323
A18: 7381 .::. U.I. PROFª NADIR NASCIMENTO MORAES | B18: Vespertino | C18: 41 .::. FUNDAMENTAL II (6º AO 9º ANO) | D18: 1º grau | E18: 9 ANO | F18: A | I18: Ana Emanuelle Ferreira Castro | J18: 40403 | K18: 61268896306 | L18: 467491320123 | M18: SSP MA | N18: 43331 | O18: Feminino | Q18: (98) 9 9616 5597 | S18: 65.130-000 | T18: RUA 02 QUADRA G | U18: RUA | V18: 25 | W18: SARAMANTA II | X18: 2351 .::. Paço do Lumiar | Y18: MA | Z18: Maria Tereza Silva Ferreira Castro | AA18: Manoel Pereira Castro Neto | AB18: Sim | AC18: 45574.622 | AD18: 45583.323
A19: 7381 .::. U.I. PROFª NADIR NASCIMENTO MORAES | B19: Vespertino | C19: 41 .::. FUNDAMENTAL II (6º AO 9º ANO) | D19: 1º grau | E19: 8 ANO | I19: Ana Julia Oliveira Freitas | J19: 40537 | K19: 62047067308 | O19: Feminino | S19: 65.130-000 | T19: AVENIDA 10 | U19: AVENIDA | V19: 29 | W19: VILA NAZARE | X19: 2351 .::. Paço do Lumiar | Y19: MA | Z19: Adriana de Fatima Ferreira de Oliveira | AA19: Jamilson Menezes Freitas | AB19: Sim | AC19: 45581.342 | AD19: 45581.342
A20: 7381 .::. U.I. PROFª NADIR NASCIMENTO MORAES | B20: Vespertino | C20: 41 .::. FUNDAMENTAL II (6º AO 9º ANO) | D20: 1º grau | E20: 9 ANO | F20: B | I20: Ana Julia Rodrigues Araujo | J20: 39995 | K20: 62472360347 | L20: 594872320167 | M20: SSP MA | N20: 42571 | O20: Feminino | S20: 65.130-000 | T20: RUA G QUADRA 20 | U20: RUA | V20: 27 | W20: NOVO HORIZONTE | X20: 2351 .::. Paço do Lumiar | Y20: MA | Z20: Ana Patrícia Rodrigues Araújo | AA20: Julio Morais de Araujo | AB20: Sim | AC20: 45574.631 | AD20: 45583.323
A21: 7381 .::. U.I. PROFª NADIR NASCIMENTO MORAES | B21: Vespertino | C21: 41 .::. FUNDAMENTAL II (6º AO 9º ANO) | D21: 1º grau | E21: 8 ANO | I21: Ana Karina Maciel dos Reis | J21: 40444 | K21: 62050914377 | O21: Feminino | S21: 65.130-000 | T21: RUA PRINCESA ORLEANS | U21: RUA | V21: 23 | W21: VILA KIOLA | X21: 2351 .::. Paço do Lumiar | Y21: MA | Z21: Edvania Feitosa Maciel | AA21: Joao da Cruz Martins dos Reis | AB21: Sim | AC21: 45583.34 | AD21: 45583.34
A22: 7381 .::. U.I. PROFª NADIR NASCIMENTO MORAES | B22: Matutino | C22: 40 .::. FUNDAMENTAL I (1º AO 5º ANO) | D22: 1º grau | E22: 4 ANO | I22: Ana Luiza Ferreira Castro | J22: 41899 | K22: 62535452308 | O22: Feminino | S22: 65.130-000 | T22: RUA 02 | U22: QUADRA G | V22: 25 | W22: SARAMANTA | X22: 2351 .::. Paço do Lumiar | Y22: MA | Z22: Maria Tereza Silva Ferreira Castro | AA22: Manoel Pereira Castro Neto | AB22: Sim | AC22: 45568.418 | AD22: 45568.418
A23: 7381 .::. U.I. PROFª NADIR NASCIMENTO MORAES | B23: Vespertino | C23: 41 .::. FUNDAMENTAL II (6º AO 9º ANO) | D23: 1º grau | E23: 9 ANO | F23: A | I23: Ana Paula Diniz Silva | J23: 40059 | K23: 61733823344 | L23: 513689820147 | M23: SSP MA | N23: 41668 | O23: Feminino | Q23: (98) 9 9231 8062 | S23: 65.130-000 | T23: RUA 03 QUADRA 08 | U23: RUA | V23: 8 | W23: JARDIM PRIMAVERA | X23: 2351 .::. Paço do Lumiar | Y23: MA | Z23: Jozilene Medeiros Diniz | AA23: Paulo Roberto Araujo Silva | AB23: Sim | AC23: 45574.59 | AD23: 45583.323
A24: 7381 .::. U.I. PROFª NADIR NASCIMENTO MORAES | B24: Matutino | C24: 40 .::. FUNDAMENTAL I (1º AO 5º ANO) | D24: 1º grau | E24: 3 ANO | I24: Ana Sara Correia dos Santos | J24: 42446 | K24: 62559759322 | O24: Feminino | S24: 65.130-000 | T24: RUA 133 | U24: QUADRA 130 | V24: 9 | W24: MAIOBAO | X24: 2351 .::. Paço do Lumiar | Y24: MA | Z24: Eronilde da Silva Correia | AA24: Luis Carlos Lima dos Santos | AB24: Sim | AC24: 45568.33 | AD24: 45568.33
A25: 7381 .::. U.I. PROFª NADIR NASCIMENTO MORAES | B25: Vespertino | C25: 41 .::. FUNDAMENTAL II (6º AO 9º ANO) | D25: 1º grau | E25: 9 ANO | F25: A | I25: Ana Sofia Lopes Santos | J25: 40037 | K25: 9378506321 | L25: 4744168 | M25: SSP MA | N25: 43111 | O25: Feminino | Q25: (98) 0000 0000 | S25: 65.110-000 | T25: AVENIDA TRANCREDO NEVES | U25: AVENIDA | W25: VILLAGE DOS BOSQUE II | X25: 2401 .::. São José de Ribamar | Y25: MA | Z25: Wenna Lopes Silva | AA25: Tiago Moraes Lima dos Santos | AB25: Sim | AC25: 45573.634 | AD25: 45573.634
A26: 7381 .::. U.I. PROFª NADIR NASCIMENTO MORAES | B26: Matutino | C26: 40 .::. FUNDAMENTAL I (1º AO 5º ANO) | D26: 1º grau | E26: 5 ANO | I26: André Martins Marques Junior | J26: 41308 | K26: 7599273328 | O26: Masculino | S26: 65.130-000 | T26: RUA I | U26: QUADRA 29 | V26: 23 | W26: SITIO NATUREZA | X26: 2351 .::. Paço do Lumiar | Y26: MA | Z26: Karliany Brito Marques | AA26: André Martins Marques | AB26: Sim | AC26: 45573.36 | AD26: 45573.36
A27: 7381 .::. U.I. PROFª NADIR NASCIMENTO MORAES | B27: Matutino | C27: 40 .::. FUNDAMENTAL I (1º AO 5º ANO) | D27: 1º grau | E27: 4 ANO | I27: Andrés Sanchez Silva Frazao | J27: 42086 | K27: 63304755390 | O27: Masculino | S27: 65.110-000 | T27: TRAVESSA DA ESTRADA DE RIBAMAR | U27: BLOCO 2A | V27: 301 | W27: RECANTO VERDE 4 | X27: 2401 .::. São José de Ribamar | Y27: MA | Z27: Alterlene Oliveira da Silva | AA27: Thales Santos Frazão | AB27: Sim | AC27: 45568.422 | AD27: 45568.422
A28: 7381 .::. U.I. PROFª NADIR NASCIMENTO MORAES | B28: Matutino | C28: 40 .::. FUNDAMENTAL I (1º AO 5º ANO) | D28: 1º grau | E28: 2 ANO | I28: Angélica do Espirito Santo Bezerra | J28: 41828 | K28: 8042737319 | O28: Feminino | Q28: (98) 9 8441 5000 | S28: 65.130-000 | T28: RUA 115 | U28: QUADRA 78 | V28: 16 | W28: MAIOBAO | X28: 2351 .::. Paço do Lumiar | Y28: MA | Z28: Rosilene do Espírito Santo Bezerra | AA28: Josué Alves Bezerra Junior | AB28: Sim | AC28: 45567.358 | AD28: 45567.434
A29: 7381 .::. U.I. PROFª NADIR NASCIMENTO MORAES | B29: Matutino | C29: 40 .::. FUNDAMENTAL I (1º AO 5º ANO) | D29: 1º grau | E29: 4 ANO | I29: Angelo Gabriel Lisboa Santos Amado | J29: 42135 | K29: 8107689330 | O29: Masculino | S29: 65.130-000 | T29: RUA 13 | U29: QUADRA 13 | V29: 20 | W29: RESIDENCIAL SAFIRA | X29: 2351 .::. Paço do Lumiar | Y29: MA | Z29: Geisa Aline Lisboa Santos Amado | AA29: Raimundo José Ferreira Amado | AB29: Sim | AC29: 45568.424 | AD29: 45568.424
A30: 7381 .::. U.I. PROFª NADIR NASCIMENTO MORAES | B30: Matutino | C30: 40 .::. FUNDAMENTAL I (1º AO 5º ANO) | D30: 1º grau | E30: 2 ANO | I30: Anna Leticia Nascimento Castro | J30: 42625 | K30: 63700340370 | O30: Feminino | Q30: (98) 9 8475 0494 | S30: 65.130-000 | T30: TRAVESSA 31 | U30: QUADRA 30 | V30: 15 | W30: MAIOBAO | X30: 2351 .::. Paço do Lumiar | Y30: MA | Z30: Darlen Thalya de Sousa Nascimento | AA30: Eliedson Barbosa Castro | AB30: Sim | AC30: 45567.357 | AD30: 45567.434
A31: 7381 .::. U.I. PROFª NADIR NASCIMENTO MORAES | B31: Vespertino | C31: 41 .::. FUNDAMENTAL II (6º AO 9º ANO) | D31: 1º grau | E31: 7 ANO | I31: Anthony Vitor Martins Lopes | J31: 40973 | K31: 61740709306 | O31: Masculino | Q31: (98) 9 8883 5658 | S31: 65.130-000 | T31: AVENIDA 02 QUADRA 02 | U31: AVENIDA | V31: 22 | W31: NOVO PAÇO | X31: 2351 .::. Paço do Lumiar | Y31: MA | Z31: Ada Rubia Nunes Martins | AA31: Antonio Vitorio Lopes | AB31: Sim | AC31: 45568.644 | AD31: 45568.644
A32: 7381 .::. U.I. PROFª NADIR NASCIMENTO MORAES | B32: Matutino | C32: 40 .::. FUNDAMENTAL I (1º AO 5º ANO) | D32: 1º grau | E32: 3 ANO | I32: Ariel Benicio Gonçalves Neves | J32: 42406 | K32: 63205105362 | O32: Masculino | S32: 65.130-000 | T32: AVENIDA 10 | U32: QUADRA 107 | V32: 5 | W32: MAIOBAO | X32: 2351 .::. Paço do Lumiar | Y32: MA | Z32: Jhessica Hellen Gonçalves Silva | AA32: Dyeisson Neves Ferreira | AB32: Sim | AC32: 45568.331 | AD32: 45568.331
A33: 7381 .::. U.I. PROFª NADIR NASCIMENTO MORAES | B33: Matutino | C33: 40 .::. FUNDAMENTAL I (1º AO 5º ANO) | D33: 1º grau | E33: 3 ANO | I33: Arthur Sousa Carvalho | J33: 42403 | K33: 62504648324 | O33: Masculino | S33: 65.130-000 | T33: RUA OLHO D`ÃGUA | U33: RUA | V33: 94 | W33: VILA NAZARE | X33: 2351 .::. Paço do Lumiar | Y33: MA | Z33: Celyjane Maruska Santos Sousa | AA33: Jefferson Silberth Silva Carvalho | AB33: Sim | AC33: 45568.333 | AD33: 45568.333
A34: 7381 .::. U.I. PROFª NADIR NASCIMENTO MORAES | B34: Matutino | C34: 40 .::. FUNDAMENTAL I (1º AO 5º ANO) | D34: 1º grau | E34: 4 ANO | I34: Arthur Swagger Vieira Borges | J34: 41652 | K34: 61777029376 | O34: Masculino | S34: 65.130-000 | T34: RUA DOS SABIÃS | U34: QUADRA 04 | V34: 44 | W34: RESIDENCIAL ENCONTRO DAS AVES -SITIO GRANDE | X34: 2351 .::. Paço do Lumiar | Y34: MA | Z34: Samira Kerli Costa Vieira | AA34: Norberto Silva Borges Junior | AB34: Sim | AC34: 45568.451 | AD34: 45568.451
A35: 7381 .::. U.I. PROFª NADIR NASCIMENTO MORAES | B35: Vespertino | C35: 41 .::. FUNDAMENTAL II (6º AO 9º ANO) | D35: 1º grau | E35: 8 ANO | I35: Arthur Vinicius Sousa Muniz | J35: 40280 | K35: 7370325377 | L35: 587313230168 | M35: SSP MA | N35: 42489 | O35: Masculino | S35: 65.130-000 | T35: RUA A , QUADRA 02 | U35: RUA | V35: 4 | W35: RESIDENCIAL NOVO HORIZONTE | X35: 2351 .::. Paço do Lumiar | Y35: MA | Z35: Maria Leonice Gomes Sousa | AA35: Romilson Melo Muniz | AB35: Sim | AC35: 45581.618 | AD35: 45583.321
A36: 7381 .::. U.I. PROFª NADIR NASCIMENTO MORAES | B36: Vespertino | C36: 41 .::. FUNDAMENTAL II (6º AO 9º ANO) | D36: 1º grau | E36: 9 ANO | F36: A | I36: Augusto Conte Silva Correa Junior | J36: 40304 | K36: 60872385302 | L36: 426959420116 | M36: SSP MA | N36: 42706 | O36: Masculino | Q36: (98) 9 7007 9616 | S36: 65.130-000 | T36: PLAZA DAS FLORES III | U36: RUA | V36: 55 | W36: MERCÚS | X36: 2351 .::. Paço do Lumiar | Y36: MA | Z36: Rubnelma Melonio Lima | AA36: Augusto Conte Silva Correa | AB36: Sim | AC36: 45574.565 | AD36: 45583.324
A37: 7381 .::. U.I. PROFª NADIR NASCIMENTO MORAES | B37: Matutino | C37: 40 .::. FUNDAMENTAL I (1º AO 5º ANO) | D37: 1º grau | E37: 1 ANO | I37: Aylla Sophia Lisboa Silva | J37: 42974 | K37: 62862119342 | O37: Feminino | P37: (98) 9 8704 6704 | S37: 65.110-000 | T37: AVENIDA 02 | U37: AVENIDA | V37: 81 | W37: VILA SARNEY FILHO | X37: 2401 .::. São José de Ribamar | Y37: MA | Z37: Leuriane Lisboa de Sousa | AA37: Deywison Silva do Rosario | AB37: Sim | AC37: 45567.324 | AD37: 45567.335
A38: 7381 .::. U.I. PROFª NADIR NASCIMENTO MORAES | B38: Matutino | C38: 40 .::. FUNDAMENTAL I (1º AO 5º ANO) | D38: 1º grau | E38: 4 ANO | I38: Barbara Beatriz Santos Moreno da Silva | J38: 41862 | K38: 62065570300 | O38: Feminino | S38: 65.130-000 | T38: RUA 67 | U38: QUADRA 107 | V38: 1 | W38: MAIOBAO | X38: 2351 .::. Paço do Lumiar | Y38: MA | Z38: Jocely Santos Sousa da Silva | AA38: Leandro Moreno da Silva | AB38: Sim | AC38: 45568.452 | AD38: 45568.452
A39: 7381 .::. U.I. PROFª NADIR NASCIMENTO MORAES | B39: Matutino | C39: 40 .::. FUNDAMENTAL I (1º AO 5º ANO) | D39: 1º grau | E39: 4 ANO | I39: Beatriz Silva de Jesus Martins | J39: 42094 | K39: 62452617326 | O39: Feminino | S39: 65.130-000 | T39: RUA 05 | U39: A | V39: 527 | W39: VILA SARNEY FILHO | X39: 2351 .::. Paço do Lumiar | Y39: MA | Z39: Ozilene Silva de Jesus Martins | AA39: Ludernaik Oliveira Martins | AB39: Sim | AC39: 45568.457 | AD39: 45568.457
A40: 7381 .::. U.I. PROFª NADIR NASCIMENTO MORAES | B40: Matutino | C40: 40 .::. FUNDAMENTAL I (1º AO 5º ANO) | D40: 1º grau | E40: 2 ANO | I40: Brenda Emanuelle Gonçalves Alves | J40: 42475 | K40: 63173021380 | O40: Feminino | Q40: (98) 9 8591 7113 | S40: 65.130-000 | T40: RUA 66 QUADRA 150 | U40: AVENIDA 13 | V40: 9 | W40: MAIOBAO | X40: 2351 .::. Paço do Lumiar | Y40: MA | Z40: Raimunda D`Jesus Freitas Gonçalves | AA40: Eduardo Bruno Brito Alves | AB40: Sim | AC40: 45567.362 | AD40: 45567.434
A41: 7381 .::. U.I. PROFª NADIR NASCIMENTO MORAES | B41: Vespertino | C41: 41 .::. FUNDAMENTAL II (6º AO 9º ANO) | D41: 1º grau | E41: 9 ANO | F41: B | I41: Bruna Bianca Mendes Ferreira | J41: 39976 | K41: 61947381385 | L41: 535469720145 | M41: SSP MA | N41: 41863 | O41: Feminino | Q41: (98) 9 8506 5003 | S41: 65.130-000 | T41: RUA DA MANGA QUADRA 04 | U41: RUA | V41: 17 | W41: LIMA VERDE | X41: 2351 .::. Paço do Lumiar | Y41: MA | Z41: Ketllin Haquel Monteiro Mendes | AA41: Carlos Eduardo dos Santos Ferreira | AB41: Sim | AC41: 45574.635 | AD41: 45583.324
A42: 7381 .::. U.I. PROFª NADIR NASCIMENTO MORAES | B42: Vespertino | C42: 41 .::. FUNDAMENTAL II (6º AO 9º ANO) | D42: 1º grau | E42: 9 ANO | F42: A | I42: Bruna Gabriela Gomes Reis | J42: 39645 | K42: 62055762362 | L42: 547742920140 | M42: SSP MA | N42: 41984 | O42: Feminino | Q42: (98) 9 8450 5408 | S42: 65.130-000 | T42: AVENIDA 08 QUADRA 17 | U42: AVENIDA | V42: 25 | W42: PARANA | X42: 2351 .::. Paço do Lumiar | Y42: MA | Z42: Samyra Raquel Gomes Miranda | AA42: Jefferson Bruno Barros Reis | AB42: Sim | AC42: 45573.64 | AD42: 45573.64
A43: 7381 .::. U.I. PROFª NADIR NASCIMENTO MORAES | B43: Matutino | C43: 40 .::. FUNDAMENTAL I (1º AO 5º ANO) | D43: 1º grau | E43: 4 ANO | I43: Bruna Laryssa Sousa Rosa | J43: 42068 | K43: 62564753302 | O43: Feminino | S43: 65.130-000 | T43: RUA 72 | U43: QUADRA 153 | V43: 8 | W43: MAIOBAO | X43: 2351 .::. Paço do Lumiar | Y43: MA | Z43: Euza Maria Sousa da Conceição | AA43: Flavio Machado Rosa | AB43: Sim | AC43: 45568.459 | AD43: 45568.459
A44: 7381 .::. U.I. PROFª NADIR NASCIMENTO MORAES | B44: Matutino | C44: 40 .::. FUNDAMENTAL I (1º AO 5º ANO) | D44: 1º grau | E44: 4 ANO | I44: Caio Brito Marques | J44: 42010 | K44: 8488981333 | O44: Masculino | S44: 65.130-000 | T44: RUA 1 | U44: QUADRA 29 | V44: 23 | W44: SITIO NATUREZA | X44: 2351 .::. Paço do Lumiar | Y44: MA | Z44: Karliany Brito Marques | AA44: André Martins Marques | AB44: Sim | AC44: 45568.46 | AD44: 45568.46
A45: 7381 .::. U.I. PROFª NADIR NASCIMENTO MORAES | B45: Vespertino | C45: 41 .::. FUNDAMENTAL II (6º AO 9º ANO) | D45: 1º grau | E45: 9 ANO | F45: B | I45: Carlos Ariel Silva da Silva | J45: 40016 | K45: 62030104302 | L45: 545153520146 | M45: SSP MA | N45: 41950 | O45: Masculino | Q45: (98) 9 8826 8082 | S45: 65.130-000 | T45: RUA 09 QUADRA 08 | U45: RUA | V45: 13 | W45: SANTA CLARA | X45: 2351 .::. Paço do Lumiar | Y45: MA | Z45: Yaskara Sousa Silva | AA45: Jose Ribamar Rodrigues da Silva Junior | AB45: Sim | AC45: 45574.636 | AD45: 45574.636
A46: 7381 .::. U.I. PROFª NADIR NASCIMENTO MORAES | B46: Vespertino | C46: 41 .::. FUNDAMENTAL II (6º AO 9º ANO) | D46: 1º grau | E46: 6 ANO | I46: Carlos Julian Ataide Frazão | J46: 41335 | K46: 63007603323 | L46: 655211720180 | M46: SSP MA | N46: 43183 | O46: Masculino | Q46: (98) 9 8707 0377 | S46: 65.130-000 | T46: VILA SAO JOSÉ II | U46: RUA | V46: 24 | W46: VILA SAO JOSE II | X46: 2351 .::. Paço do Lumiar | Y46: MA | Z46: Jaina Dutra Ataide | AA46: Carlos Jonas Ribeiro Frazão | AB46: Sim | AC46: 45566.673 | AD46: 45566.673
A47: 7381 .::. U.I. PROFª NADIR NASCIMENTO MORAES | B47: Vespertino | C47: 41 .::. FUNDAMENTAL II (6º AO 9º ANO) | D47: 1º grau | E47: 9 ANO | F47: B | I47: Cesar Augusto Silva do Vale | J47: 39531 | K47: 4217324235 | L47: 7956843 | M47: SSP MA | N47: 41830 | O47: Masculino | Q47: (98) 9 8462 6104 | S47: 65.130-000 | T47: RUA GOIABAS | U47: RUA | V47: 9 | W47: PARANA | X47: 2351 .::. Paço do Lumiar | Y47: MA | Z47: Elielma Santos da Silva | AA47: Paulo Cesar Melo do Vale | AB47: Sim | AC47: 45574.64 | AD47: 45574.64
A48: 7381 .::. U.I. PROFª NADIR NASCIMENTO MORAES | B48: Matutino | C48: 40 .::. FUNDAMENTAL I (1º AO 5º ANO) | D48: 1º grau | E48: 5 ANO | I48: Dandara Cristina Santos Costa | J48: 41365 | K48: 63344900366 | O48: Feminino | S48: 65.130-000 | T48: RUA 139 | U48: QUADRA 130 | V48: 23 | W48: MAIOBAO | X48: 2351 .::. Paço do Lumiar | Y48: MA | Z48: Ana Amélia Santos Costa | AB48: Sim | AC48: 45573.36 | AD48: 45573.36
A49: 7381 .::. U.I. PROFª NADIR NASCIMENTO MORAES | B49: Vespertino | C49: 41 .::. FUNDAMENTAL II (6º AO 9º ANO) | D49: 1º grau | E49: 8 ANO | I49: Daniel Jeferson Barbosa Fonseca | J49: 40152 | K49: 62464114367 | L49: 593966220165 | M49: SSP MA | N49: 42563 | O49: Masculino | S49: 65.130-000 | T49: RUA PROJETADA 06 | U49: RUA | V49: 6 | W49: MAIOBÃO | X49: 2351 .::. Paço do Lumiar | Y49: MA | Z49: Ana Lidia Barbosa Fonseca | AA49: Josiel Fonseca | AB49: Sim | AC49: 45581.632 | AD49: 45583.322
A50: 7381 .::. U.I. PROFª NADIR NASCIMENTO MORAES | B50: Vespertino | C50: 41 .::. FUNDAMENTAL II (6º AO 9º ANO) | D50: 1º grau | E50: 9 ANO | F50: A | I50: Daniel Muller Correia Leite | J50: 40076 | K50: 61710269308 | L50: 511860120149 | M50: SSP MA | N50: 41659 | O50: Masculino | Q50: (98) 9 8729 8167 | S50: 65.130-000 | T50: AVENIDA PRINCIPAL I QUADRA 22 | U50: AVENIDA | V50: 88 | W50: NOVO HORIZONTE | X50: 2351 .::. Paço do Lumiar | Y50: MA | Z50: Damiana Silva Correia | AA50: Vicente Castro Leite | AB50: Sim | AC50: 45574.581 | AD50: 45574.581
A51: 7381 .::. U.I. PROFª NADIR NASCIMENTO MORAES | B51: Vespertino | C51: 41 .::. FUNDAMENTAL II (6º AO 9º ANO) | D51: 1º grau | E51: 7 ANO | I51: Davi Diones Bezerra Santiago | J51: 40728 | K51: 62949036376 | L51: 649300620184 | M51: SSP MA | N51: 43133 | O51: Masculino | Q51: (98) 9 8700 9758 | S51: 65.130-000 | T51: AVENIDA PRINCIPAL QUADRA 09 | U51: AVENIDA | V51: 8 | W51: MORADA NOVA | X51: 2351 .::. Paço do Lumiar | Y51: MA | Z51: Ana Paula Silva Bezerra | AA51: Kelson Diones Carvalho Santiago | AB51: Sim | AC51: 45567.705 | AD51: 45567.705
A52: 7381 .::. U.I. PROFª NADIR NASCIMENTO MORAES | B52: Matutino | C52: 40 .::. FUNDAMENTAL I (1º AO 5º ANO) | D52: 1º grau | E52: 3 ANO | I52: David Willian Ferreira Costa | J52: 42131 | K52: 63361067308 | O52: Masculino | S52: 65.130-000 | T52: RUA 137 | U52: QUADRA124 | V52: 18 | W52: MAIOBAO | X52: 2351 .::. Paço do Lumiar | Y52: MA | Z52: Daniele Ferreira | AA52: Wanderley Lopes Costa | AB52: Sim | AC52: 45568.342 | AD52: 45568.342
A53: 7381 .::. U.I. PROFª NADIR NASCIMENTO MORAES | B53: Matutino | C53: 40 .::. FUNDAMENTAL I (1º AO 5º ANO) | D53: 1º grau | E53: 4 ANO | I53: Davi Emanuel dos Santos Cabral | J53: 41577 | K53: 62496664354 | O53: Masculino | S53: 65.110-000 | T53: RUA UBATUBA | U53: QUADRA 03 | V53: 70 | W53: LARANJAL | X53: 2401 .::. São José de Ribamar | Y53: MA | Z53: Dejenilce dos Santos Cabral | AA53: Paulo Ricardo Nunes Cabral | AB53: Sim | AC53: 45568.462 | AD53: 45568.462
A54: 7381 .::. U.I. PROFª NADIR NASCIMENTO MORAES | B54: Matutino | C54: 40 .::. FUNDAMENTAL I (1º AO 5º ANO) | D54: 1º grau | E54: 3 ANO | I54: Davi Felipe Garros Rodrigues | J54: 42287 | K54: 62909555356 | O54: Masculino | S54: 65.130-000 | T54: RUA 01 | U54: QUADRA C | V54: 26 | W54: LOTEAMENTO SARAMANTA II | X54: 2351 .::. Paço do Lumiar | Y54: MA | Z54: Gwinity Pinheiro Garros Rodrigues | AA54: Antonio Cleuton Rodrigues | AB54: Sim | AC54: 45568.334 | AD54: 45568.334
A55: 7381 .::. U.I. PROFª NADIR NASCIMENTO MORAES | B55: Vespertino | C55: 41 .::. FUNDAMENTAL II (6º AO 9º ANO) | D55: 1º grau | E55: 8 ANO | I55: Davi Filgueiras Barbosa | J55: 40579 | K55: 62332743383 | L55: 577357320155 | M55: SSP MA | N55: 42355 | O55: Masculino | S55: 65.130-000 | T55: RUA PRINCIPAL, 7118 D | U55: TIJUPAR QUEIMADO | V55: 7118 | W55: SÃO JOSÉ DE RIBAMAR | X55: 2351 .::. Paço do Lumiar | Y55: MA | Z55: Patricia Filgueiras Barbosa | AA55: Alisson E Silva Barbosa | AB55: Sim | AC55: 45581.608 | AD55: 45583.322
A56: 7381 .::. U.I. PROFª NADIR NASCIMENTO MORAES | B56: Matutino | C56: 40 .::. FUNDAMENTAL I (1º AO 5º ANO) | D56: 1º grau | E56: 3 ANO | I56: Davi Miguel Alves Machado | J56: 42243 | K56: 62856914365 | O56: Masculino | S56: 65.130-000 | T56: TRAVESSA 11 | U56: QUADRA 10 | V56: 19 | W56: PRESIDENTE VARGAS | X56: 2351 .::. Paço do Lumiar | Y56: MA | Z56: Maria do Livramento Alves Machado | AA56: John Michael de Sousa Machado Alves | AB56: Sim | AC56: 45568.341 | AD56: 45568.341
A57: 7381 .::. U.I. PROFª NADIR NASCIMENTO MORAES | B57: Vespertino | C57: 41 .::. FUNDAMENTAL II (6º AO 9º ANO) | D57: 1º grau | E57: 6 ANO | I57: Denilson Guimaraes Souza Silva | J57: 41081 | K57: 62329320302 | L57: 576867520155 | M57: SSP MA | N57: 42352 | O57: Masculino | Q57: (98) 9 8546 5445 | S57: 65.130-000 | T57: RUA B QUADRA 06 | U57: RUA | V57: 15 | W57: SITIO NATUREZA | X57: 2351 .::. Paço do Lumiar | Y57: MA | Z57: Tatiana Guimaraes | AA57: Edmilson de Jesus Mendes Silva Junior | AB57: Sim | AC57: 45566.686 | AD57: 45566.686
A58: 7381 .::. U.I. PROFª NADIR NASCIMENTO MORAES | B58: Vespertino | C58: 41 .::. FUNDAMENTAL II (6º AO 9º ANO) | D58: 1º grau | E58: 9 ANO | F58: B | I58: Deyse Stephanny Martins Ferreira | J58: 40165 | K58: 62034317378 | L58: 545604720144 | M58: SSP MA | N58: 41955 | O58: Feminino | Q58: (98) 9 9172 2105 | S58: 65.130-000 | T58: AVENIDA AMADEU AROSO I | U58: AVENIDA | V58: 1 | W58: TIAGO AROSO | X58: 2351 .::. Paço do Lumiar | Y58: MA | Z58: Rafaela Alves Martins | AA58: Dielmilson Soares Ferreira | AB58: Sim | AC58: 45574.647 | AD58: 45574.647
A59: 7381 .::. U.I. PROFª NADIR NASCIMENTO MORAES | B59: Matutino | C59: 40 .::. FUNDAMENTAL I (1º AO 5º ANO) | D59: 1º grau | E59: 2 ANO | I59: Diego Emanuel Tavares Melo | J59: 42791 | K59: 62659386307 | O59: Masculino | Q59: (98) 9 8835 8306 | S59: 65.130-000 | T59: RUA 117 | U59: QUADRA 88 | V59: 4 | W59: MAIOBAO | X59: 2351 .::. Paço do Lumiar | Y59: MA | Z59: Joanilce Marques Tavares | AA59: Jamerson Augusto dos Santos Melo | AB59: Sim | AC59: 45567.365 | AD59: 45567.434
A60: 7381 .::. U.I. PROFª NADIR NASCIMENTO MORAES | B60: Matutino | C60: 40 .::. FUNDAMENTAL I (1º AO 5º ANO) | D60: 1º grau | E60: 2 ANO | I60: Diogo Adryan da Silva Ferreira | J60: 42590 | K60: 63508332365 | O60: Masculino | Q60: (98) 9 8298 1094 | S60: 65.130-000 | T60: AVENIDA COLABORADORES 2 | U60: QUADRA 12 | V60: 2 | W60: PRESIDENTE VARGAS | X60: 2351 .::. Paço do Lumiar | Y60: MA | Z60: Denise Rocha da Silva | AA60: Diego Ferreira | AB60: Sim | AC60: 45567.367 | AD60: 45567.434
A61: 7381 .::. U.I. PROFª NADIR NASCIMENTO MORAES | B61: Vespertino | C61: 41 .::. FUNDAMENTAL II (6º AO 9º ANO) | D61: 1º grau | E61: 8 ANO | I61: Diogo Batista Guimaraús | J61: 39549 | K61: 62329336306 | O61: Masculino | S61: 65.130-000 | T61: RUA DA PIÇARREIRA N 01, BAIRRO MATA | U61: RUA | V61: 1 | W61: MATA | X61: 2351 .::. Paço do Lumiar | Y61: MA | Z61: Jaquiene Alves Batista | AA61: Celso Luis Guimarães | AB61: Sim | AC61: 45581.604 | AD61: 45583.322
A62: 7381 .::. U.I. PROFª NADIR NASCIMENTO MORAES | B62: Vespertino | C62: 41 .::. FUNDAMENTAL II (6º AO 9º ANO) | D62: 1º grau | E62: 9 ANO | F62: A | I62: Dionisio Mendes Lima | J62: 40114 | K62: 62783847361 | L62: 631841820171 | M62: SSP MA | N62: 42977 | O62: Masculino | Q62: (98) 9 8881 4287 | S62: 65.045-590 | T62: RUA DAS HORTÚNCIAS | U62: RUA | V62: 14 | W62: JARDIM ALVORADA | X62: 2402 .::. São Luís | Y62: MA | Z62: Valeria de Lourdes Cardoso Mendes | AA62: Gilvan Bastos Lima | AB62: Sim | AC62: 45573.698 | AD62: 45573.698
A63: 7381 .::. U.I. PROFª NADIR NASCIMENTO MORAES | B63: Matutino | C63: 40 .::. FUNDAMENTAL I (1º AO 5º ANO) | D63: 1º grau | E63: 4 ANO | I63: Edson Kauã Nascimento Castro | J63: 41904 | K63: 62164182383 | O63: Masculino | S63: 65.130-000 | T63: TRAVESSA 31 | U63: QUADRA 30 | V63: 15 | W63: PRESIDENTE VARGAS | X63: 2351 .::. Paço do Lumiar | Y63: MA | Z63: Darlen Thalya de Sousa Nascimento | AA63: Eliedson Barbosa Castro | AB63: Sim | AC63: 45568.463 | AD63: 45568.463
A64: 7381 .::. U.I. PROFª NADIR NASCIMENTO MORAES | B64: Matutino | C64: 40 .::. FUNDAMENTAL I (1º AO 5º ANO) | D64: 1º grau | E64: 4 ANO | I64: Eduarda Thayze Ferreira dos Santos | J64: 41772 | K64: 62746044307 | O64: Feminino | S64: 65.130-000 | T64: RUA 10 | U64: RUA | V64: 38 | W64: VILA SAO JOSÉ II | X64: 2351 .::. Paço do Lumiar | Y64: MA | Z64: Werllane Barros Ferreira | AA64: Erenildo dos Santos | AB64: Sim | AC64: 45568.465 | AD64: 45568.465
A65: 7381 .::. U.I. PROFª NADIR NASCIMENTO MORAES | B65: Vespertino | C65: 41 .::. FUNDAMENTAL II (6º AO 9º ANO) | D65: 1º grau | E65: 6 ANO | I65: Elano Biasi Cruz de Brito | J65: 41322 | K65: 8262539389 | L65: 576722820158 | M65: SSP MA | N65: 42352 | O65: Masculino | S65: 65.130-000 | T65: RUA 82 QUADRA 167 | U65: RUA | W65: MAIOBAO | X65: 2351 .::. Paço do Lumiar | Y65: MA | Z65: Loiziane Lopes da Cruz | AA65: Antonio Ivo Ferreira de Brito | AB65: Sim | AC65: 45566.69 | AD65: 45566.69
A66: 7381 .::. U.I. PROFª NADIR NASCIMENTO MORAES | B66: Vespertino | C66: 41 .::. FUNDAMENTAL II (6º AO 9º ANO) | D66: 1º grau | E66: 8 ANO | I66: Elderson Layon da Sila Serejo | J66: 40504 | K66: 63003299336 | L66: 420128330110 | M66: SSP MA | N66: 44343 | O66: Masculino | S66: 65.130-000 | T66: RUA01. CAS 04, QUADRA03, CLARISSEII | U66: RUA | V66: 4 | W66: SÃO JOSE DE RIBAMAR | X66: 2351 .::. Paço do Lumiar | Y66: MA | Z66: Josy Jane Garcia da Silva Serejo | AA66: Elder Perreira Serejo | AB66: Sim | AC66: 45581.622 | AD66: 45583.322
A67: 7381 .::. U.I. PROFª NADIR NASCIMENTO MORAES | B67: Vespertino | C67: 41 .::. FUNDAMENTAL II (6º AO 9º ANO) | D67: 1º grau | E67: 8 ANO | I67: Elen Beatriz Silva Ramos | J67: 40585 | K67: 62542031380 | L67: 604385620163 | M67: SSP MA | N67: 42690 | O67: Feminino | S67: 65.130-000 | T67: RUA DO POÇO, | U67: RUA | V67: 8 | W67: PIÇARREIRA/ SÃO SOJÉ DE RIBAMAR | X67: 2351 .::. Paço do Lumiar | Y67: MA | Z67: Jessica Maria Lima Silva | AA67: Izael dos Santos Ramos | AB67: Sim | AC67: 45581.629 | AD67: 45583.322
A68: 7381 .::. U.I. PROFª NADIR NASCIMENTO MORAES | B68: Vespertino | C68: 41 .::. FUNDAMENTAL II (6º AO 9º ANO) | D68: 1º grau | E68: 9 ANO | F68: A | I68: Elika Marcelly Leite Rabelo | J68: 40123 | K68: 62571809377 | L68: 608204020162 | M68: SSP MA | N68: 43277 | O68: Feminino | Q68: (98) 9 8422 4811 | S68: 65.130-000 | T68: RUA ATROARES | U68: RUA | V68: 38 | W68: UPOAN-AÇU | X68: 2351 .::. Paço do Lumiar | Y68: MA | Z68: Elizianne Froes Leite Rabelo | AA68: Davi Marcelo Santos Rabelo | AB68: Sim | AC68: 45573.69 | AD68: 45573.69
A69: 7381 .::. U.I. PROFª NADIR NASCIMENTO MORAES | B69: Vespertino | C69: 41 .::. FUNDAMENTAL II (6º AO 9º ANO) | D69: 1º grau | E69: 8 ANO | I69: Elissa Beatriz Vieira de Araújo | J69: 40619 | K69: 62092165364 | O69: Feminino | S69: 65.130-000 | T69: RUA 05 | U69: QUADRA 01 | V69: 29 | W69: NOVO HORIZONTE | X69: 2351 .::. Paço do Lumiar | Y69: MA | Z69: Marcia Rejane Vieira de Araújo | AA69: Marcos Antonio Miranda de Araujo | AB69: Sim | AC69: 45582.35 | AD69: 45582.35
A70: 7381 .::. U.I. PROFª NADIR NASCIMENTO MORAES | B70: Vespertino | C70: 41 .::. FUNDAMENTAL II (6º AO 9º ANO) | D70: 1º grau | E70: 9 ANO | F70: A | I70: Elton Rennan Teixeira Oliveira | J70: 40093 | K70: 61793742367 | L70: 519711620147 | M70: SSP MA | N70: 41725 | O70: Masculino | Q70: (98) 9 8905 4262 | S70: 65.130-000 | T70: RUA 01 QUADRA A | U70: RUA | V70: 22 | W70: SARAMANTA | X70: 2351 .::. Paço do Lumiar | Y70: MA | Z70: Elene Maria de Teixeira Oliveira | AA70: Elton da Cruz Oliveira | AB70: Sim | AC70: 45574.567 | AD70: 45574.567
A71: 7381 .::. U.I. PROFª NADIR NASCIMENTO MORAES | B71: Matutino | C71: 40 .::. FUNDAMENTAL I (1º AO 5º ANO) | D71: 1º grau | E71: 4 ANO | I71: Emanuel Angelo Machado Sousa | J71: 41752 | K71: 62533801330 | O71: Masculino | S71: 65.130-000 | T71: RUA 40 | U71: QUADRA 77 | V71: 1 | W71: MAIOBAO | X71: 2351 .::. Paço do Lumiar | Y71: MA | Z71: Renata Oliveira Machado | AA71: Mazzukyer Croiff Rego Sousa | AB71: Sim | AC71: 45568.465 | AD71: 45568.465
A72: 7381 .::. U.I. PROFª NADIR NASCIMENTO MORAES | B72: Matutino | C72: 40 .::. FUNDAMENTAL I (1º AO 5º ANO) | D72: 1º grau | E72: 3 ANO | I72: Emanuel Espindola Serra Costa | J72: 42404 | K72: 63557814394 | O72: Masculino | S72: 65.130-000 | T72: RUA 66 | U72: QUADRA 149 | V72: 15 | W72: MAIOBAO | X72: 2351 .::. Paço do Lumiar | Y72: MA | Z72: Danielly Espindola Serra Santos | AA72: LuãS César de Souza Costa | AB72: Sim | AC72: 45568.353 | AD72: 45568.353
A73: 7381 .::. U.I. PROFª NADIR NASCIMENTO MORAES | B73: Vespertino | C73: 41 .::. FUNDAMENTAL II (6º AO 9º ANO) | D73: 1º grau | E73: 9 ANO | F73: A | I73: Emanuelle Sa Sousa | J73: 39847 | K73: 62084967309 | L73: 551294820150 | M73: SSP MA | N73: 42027 | O73: Feminino | Q73: (98) 9 8229 1124 | S73: 65.110-000 | T73: AVENIDA PRINCESA ISABEL QUADRA 15 | U73: AVENIDA | V73: 7 | W73: VILA KIOLA | X73: 2401 .::. São José de Ribamar | Y73: MA | Z73: Marcia Gorete Lisboa Sa | AA73: Manoel Fernandes Sousa | AB73: Sim | AC73: 45568.693 | AD73: 45568.693
A74: 7381 .::. U.I. PROFª NADIR NASCIMENTO MORAES | B74: Matutino | C74: 40 .::. FUNDAMENTAL I (1º AO 5º ANO) | D74: 1º grau | E74: 4 ANO | I74: Emanuel Victor Costa Reis | J74: 41744 | K74: 63527659390 | O74: Masculino | S74: 65.130-000 | T74: RUA 24 | U74: QUADRA 61 | V74: 25 | W74: CIDADE VERDE II | X74: 2351 .::. Paço do Lumiar | Y74: MA | Z74: Vera Lucia Galeno Costa | AA74: Francisco Alves Reis Filho | AB74: Sim | AC74: 45568.467 | AD74: 45568.467
A75: 7381 .::. U.I. PROFª NADIR NASCIMENTO MORAES | B75: Vespertino | C75: 41 .::. FUNDAMENTAL II (6º AO 9º ANO) | D75: 1º grau | E75: 9 ANO | F75: B | I75: Emelly Vitoria Martins Lopes | J75: 40159 | K75: 61740727380 | L75: 514310120149 | M75: SSP MA | N75: 41673 | O75: Feminino | Q75: (98) 9 9933 3293 | S75: 65.130-000 | T75: AVENIDA 02 QUADRA 02 | U75: AVENIDA | V75: 22 | W75: NOVO PAÇO | X75: 2351 .::. Paço do Lumiar | Y75: MA | Z75: Ada Rubia Nunes Martins | AA75: Antonio Vitorio Lopes | AB75: Sim | AC75: 45574.691 | AD75: 45574.691
A76: 7381 .::. U.I. PROFª NADIR NASCIMENTO MORAES | B76: Matutino | C76: 40 .::. FUNDAMENTAL I (1º AO 5º ANO) | D76: 1º grau | E76: 5 ANO | I76: Emilly Christine Silva Pereira | J76: 41580 | K76: 62973548390 | O76: Feminino | S76: 65.110-000 | T76: RUA 07 | U76: QUADRA 02 | V76: 46 | W76: RESIDENCIAL MIRANTE RIO | X76: 2401 .::. São José de Ribamar | Y76: MA | Z76: Claudiane Silva Ferreira Pereira | AA76: Elvis de Jesus Pinheiro Pereira | AB76: Sim | AC76: 45573.387 | AD76: 45573.387
A77: 7381 .::. U.I. PROFª NADIR NASCIMENTO MORAES | B77: Matutino | C77: 40 .::. FUNDAMENTAL I (1º AO 5º ANO) | D77: 1º grau | E77: 4 ANO | I77: Emilly Sophia Sena Ribeiro | J77: 41921 | K77: 62568127350 | O77: Feminino | S77: 65.130-000 | T77: RUA 03 | U77: QUADRA 13 | V77: 41 | W77: PORTAL DO PAÇO | X77: 2351 .::. Paço do Lumiar | Y77: MA | Z77: Edilane de Sousa Sena | AA77: Jacinaldo Cardoso Ribeiro | AB77: Sim | AC77: 45568.475 | AD77: 45568.475
A78: 7381 .::. U.I. PROFª NADIR NASCIMENTO MORAES | B78: Matutino | C78: 40 .::. FUNDAMENTAL I (1º AO 5º ANO) | D78: 1º grau | E78: 5 ANO | I78: Enos Natanael Matos da Silva | J78: 41509 | K78: 62535843323 | O78: Masculino | S78: 65.130-000 | T78: RUA 12 | U78: QUADRA 08 | V78: 23 | W78: ALTO PARANÃ II | X78: 2351 .::. Paço do Lumiar | Y78: MA | Z78: Geovana Freitas Matos da Silva | AA78: Flavio Rodrigues da Silva | AB78: Sim | AC78: 45573.402 | AD78: 45573.402
A79: 7381 .::. U.I. PROFª NADIR NASCIMENTO MORAES | B79: Matutino | C79: 40 .::. FUNDAMENTAL I (1º AO 5º ANO) | D79: 1º grau | E79: 5 ANO | I79: Enzo Daniel Sousa Calisto | J79: 41569 | K79: 63384514343 | O79: Masculino | S79: 65.130-000 | T79: RUA 08 | U79: QUADRA 06 | V79: 3 | W79: JARDIM SANTA CLARA | X79: 2351 .::. Paço do Lumiar | Y79: MA | Z79: Alcilene Maria de Sousa | AA79: Erinaldo dos Santos Calisto | AB79: Sim | AC79: 45573.403 | AD79: 45573.403
A80: 7381 .::. U.I. PROFª NADIR NASCIMENTO MORAES | B80: Matutino | C80: 40 .::. FUNDAMENTAL I (1º AO 5º ANO) | D80: 1º grau | E80: 4 ANO | I80: Enzo Gabriel Coelho Marques | J80: 41922 | K80: 63022836392 | O80: Masculino | S80: 65.130-000 | T80: RUA B | U80: QUADRA10 | V80: 25 | W80: SITIO NATUREZA | X80: 2351 .::. Paço do Lumiar | Y80: MA | Z80: Solange Rodrigues Coelho | AA80: Duvalber Ferreira dos Santos Marques | AB80: Sim | AC80: 45568.476 | AD80: 45568.476
A81: 7381 .::. U.I. PROFª NADIR NASCIMENTO MORAES | B81: Matutino | C81: 40 .::. FUNDAMENTAL I (1º AO 5º ANO) | D81: 1º grau | E81: 5 ANO | I81: Enzo Gustavo Pereira Brito | J81: 41593 | K81: 62790046352 | O81: Masculino | S81: 65.130-000 | T81: AVENIDA 10 | U81: QUADRA 116 | V81: 9 | W81: MAIOBAO | X81: 2351 .::. Paço do Lumiar | Y81: MA | Z81: Josenilde Pereira Ribeiro | AA81: José Benedito Brito Junior | AB81: Sim | AC81: 45573.42 | AD81: 45573.42
A82: 7381 .::. U.I. PROFª NADIR NASCIMENTO MORAES | B82: Matutino | C82: 40 .::. FUNDAMENTAL I (1º AO 5º ANO) | D82: 1º grau | E82: 2 ANO | I82: Enzo Miguel Cantanhede Rodrigues | J82: 42481 | K82: 62562135300 | O82: Masculino | Q82: (98) 9 8550 7164 | S82: 65.130-000 | T82: AVENIDA 04 | U82: QUADRA 24 | V82: 112 | W82: MAIOBAO | X82: 2351 .::. Paço do Lumiar | Y82: MA | Z82: Meirileia Cantanhede E Cantanhede | AA82: Rosivaldo de Jesus Rodrigues | AB82: Sim | AC82: 45567.381 | AD82: 45567.434
A83: 7381 .::. U.I. PROFª NADIR NASCIMENTO MORAES | B83: Vespertino | C83: 41 .::. FUNDAMENTAL II (6º AO 9º ANO) | D83: 1º grau | E83: 9 ANO | F83: A | I83: Enzo Ricardo Pinheiro Castro | J83: 39985 | K83: 7810902377 | L83: 611833120174 | M83: SSP MA | N83: 42761 | O83: Masculino | Q83: (98) 9 8767 9423 | S83: 65.130-000 | T83: RUA 5 QUADRA 14 | U83: RUA | V83: 5 | W83: ALTO PARANA II | X83: 2351 .::. Paço do Lumiar | Y83: MA | Z83: Suelen Lindoso Pinheiro | AA83: Paulo Ricardo Pinto Castro | AB83: Sim | AC83: 45573.701 | AD83: 45573.701
A84: 7381 .::. U.I. PROFª NADIR NASCIMENTO MORAES | B84: Vespertino | C84: 41 .::. FUNDAMENTAL II (6º AO 9º ANO) | D84: 1º grau | E84: 6 ANO | I84: Enzzo Nycholas Maia Alderaldo | J84: 41273 | K84: 7335000300 | L84: 632613920172 | M84: SSP MA | N84: 42984 | O84: Masculino | Q84: (98) 9 9141 6584 | S84: 65.130-000 | T84: RUA 76 QUADRA 154 | U84: RUA | V84: 23 | W84: MAIOBAO | X84: 2351 .::. Paço do Lumiar | Y84: MA | Z84: Cleonice Aparecida Maia Medeiros | AA84: Sergio Sousa Alderaldo | AB84: Sim | AC84: 45566.691 | AD84: 45566.691
A85: 7381 .::. U.I. PROFª NADIR NASCIMENTO MORAES | B85: Matutino | C85: 40 .::. FUNDAMENTAL I (1º AO 5º ANO) | D85: 1º grau | E85: 3 ANO | I85: Esther Blesson Mendes Mouzinho | J85: 42230 | K85: 8416835306 | O85: Feminino | S85: 65.130-000 | T85: AVENIDA 04 | U85: QUADRA 44 | V85: 19 | W85: MAIOBAO | X85: 2351 .::. Paço do Lumiar | Y85: MA | Z85: Isabel Cristina Mendes Carvalho | AA85: Marcelo Ximenes Mouzinho | AB85: Sim | AC85: 45568.354 | AD85: 45568.354
A86: 7381 .::. U.I. PROFª NADIR NASCIMENTO MORAES | B86: Matutino | C86: 40 .::. FUNDAMENTAL I (1º AO 5º ANO) | D86: 1º grau | E86: 3 ANO | I86: Esther Cristina Almeida Rubim | J86: 42424 | K86: 10312920393 | O86: Feminino | S86: 65.130-000 | T86: AVENIDA PRINCIPAL | U86: QUADRA 02 | V86: 10 | W86: TAMBAÚ | X86: 2351 .::. Paço do Lumiar | Y86: MA | Z86: Luana Cristina Almeida | AA86: Michel Araujo Rubim | AB86: Sim | AC86: 45568.356 | AD86: 45568.356
A87: 7381 .::. U.I. PROFª NADIR NASCIMENTO MORAES | B87: Vespertino | C87: 41 .::. FUNDAMENTAL II (6º AO 9º ANO) | D87: 1º grau | E87: 6 ANO | I87: Esther Karoline Everton Martins | J87: 41071 | K87: 7568055388 | L87: 518685020140 | M87: SSP MA | N87: 41717 | O87: Feminino | Q87: (98) 9 8726 6612 | S87: 65.130-000 | T87: AVENIDA HILTON ROCHA QUADRA 33 | U87: AVENIDA | W87: PRESIDENTE VARGAS | X87: 2351 .::. Paço do Lumiar | Y87: MA | Z87: Elisangela Everton Martins | AA87: Alex Angelo Sebastiao Martins | AB87: Sim | AC87: 45566.683 | AD87: 45566.683
A88: 7381 .::. U.I. PROFª NADIR NASCIMENTO MORAES | B88: Matutino | C88: 40 .::. FUNDAMENTAL I (1º AO 5º ANO) | D88: 1º grau | E88: 5 ANO | I88: Esther Talita dos Santos Braga | J88: 41734 | K88: 4155358247 | O88: Feminino | S88: 65.130-000 | T88: RUA 65 | U88: QUADRA 125 | V88: 5 | W88: MAIOBAO | X88: 2351 .::. Paço do Lumiar | Y88: MA | Z88: Maria de Lourdes Rodrigues dos Santos | AA88: Thertualiano Braga | AB88: Sim | AC88: 45573.421 | AD88: 45573.421
A89: 7381 .::. U.I. PROFª NADIR NASCIMENTO MORAES | B89: Matutino | C89: 40 .::. FUNDAMENTAL I (1º AO 5º ANO) | D89: 1º grau | E89: 2 ANO | I89: Evellyn Caroline Silva Pereira | J89: 42616 | K89: 62973552311 | O89: Feminino | Q89: (98) 9 8138 6262 | S89: 65.110-000 | T89: RUA 07 | U89: QUADRA 02 | V89: 46 | W89: CONDOMINIO MIRANTE DO RIO | X89: 2401 .::. São José de Ribamar | Y89: MA | Z89: Claudiane Silva Ferreira Pereira | AA89: Elvis de Jesus Pinheiro Pereira | AB89: Sim | AC89: 45567.382 | AD89: 45567.434
A90: 7381 .::. U.I. PROFª NADIR NASCIMENTO MORAES | B90: Matutino | C90: 40 .::. FUNDAMENTAL I (1º AO 5º ANO) | D90: 1º grau | E90: 2 ANO | I90: Evelyn Gabriela Sousa Oliveira | J90: 42766 | K90: 63267760313 | O90: Feminino | Q90: (98) 9 8839 2366 | S90: 65.130-000 | T90: TRAVESSA 27 | U90: QUADRA 26 | V90: 17 | W90: PRESIDENTE VARGAS | X90: 2351 .::. Paço do Lumiar | Y90: MA | Z90: Danielle Nascimento de Sousa | AA90: Mauro Henrique Oliveira | AB90: Sim | AC90: 45567.383 | AD90: 45567.435
A91: 7381 .::. U.I. PROFª NADIR NASCIMENTO MORAES | B91: Vespertino | C91: 41 .::. FUNDAMENTAL II (6º AO 9º ANO) | D91: 1º grau | E91: 6 ANO | I91: Fagner Higor Costa Santos | J91: 40969 | K91: 62903789371 | L91: 645039420187 | M91: SSP MA | N91: 43109 | O91: Masculino | Q91: (98) 9 8243 0368 | S91: 65.130-000 | T91: RUA PRINCESA ANASTACIA QUADRA 07 | U91: RUA | V91: 2 | W91: VILA KIOLA | X91: 2351 .::. Paço do Lumiar | Y91: MA | Z91: Elisandra da Silva Costa | AA91: Fagner Alves Santos | AB91: Sim | AC91: 45566.618 | AD91: 45566.618
A92: 7381 .::. U.I. PROFª NADIR NASCIMENTO MORAES | B92: Vespertino | C92: 41 .::. FUNDAMENTAL II (6º AO 9º ANO) | D92: 1º grau | E92: 8 ANO | I92: Felipe Gabriel Frazão Lobato | J92: 40424 | K92: 62396213318 | O92: Masculino | S92: 65.130-000 | T92: RUA 106 | U92: QUADRA 62 | V92: 23 | W92: MAIOBAO | X92: 2351 .::. Paço do Lumiar | Y92: MA | Z92: Elida Cristina Frazão Lobato | AA92: Luis Henrique de Sousa Lobato | AB92: Sim | AC92: 45582.349 | AD92: 45582.349
A93: 7381 .::. U.I. PROFª NADIR NASCIMENTO MORAES | B93: Vespertino | C93: 41 .::. FUNDAMENTAL II (6º AO 9º ANO) | D93: 1º grau | E93: 9 ANO | F93: B | I93: Fernanda Cristina Nascimento dos Santos | J93: 40133 | K93: 8409065363 | L93: 586141920161 | M93: SSP MA | N93: 42471 | O93: Feminino | Q93: (98) 9 8895 3125 | S93: 65.130-000 | T93: TRAVESSA PEDRA BRANCA | U93: TRAVESSA | V93: 5 | W93: VILA SAO JOSÉ | X93: 2351 .::. Paço do Lumiar | Y93: MA | Z93: Laís Cristina Nascimento dos Santos | AA93: Fernando Marques dos Santos | AB93: Sim | AC93: 45574.663 | AD93: 45574.663
A94: 7381 .::. U.I. PROFª NADIR NASCIMENTO MORAES | B94: Vespertino | C94: 41 .::. FUNDAMENTAL II (6º AO 9º ANO) | D94: 1º grau | E94: 8 ANO | I94: Fernanda Sousa Teixeira | J94: 40334 | K94: 62099599386 | O94: Feminino | S94: 65.130-000 | T94: RUA 10 | U94: QUADRA 09 | V94: 39 | W94: LOTEAMENTO JARDIM SANTA CLARA BACURITIUA | X94: 2351 .::. Paço do Lumiar | Y94: MA | Z94: Euza Maria Sousa da Conceição | AA94: Kleiton Robson Bastos Teixeira | AB94: Sim | AC94: 45582.354 | AD94: 45582.354
A95: 7381 .::. U.I. PROFª NADIR NASCIMENTO MORAES | B95: Vespertino | C95: 41 .::. FUNDAMENTAL II (6º AO 9º ANO) | D95: 1º grau | E95: 6 ANO | I95: Francisco Henrique Sena Brito | J95: 41399 | K95: 10954127366 | L95: 717123520197 | M95: SSP MA | N95: 43818 | O95: Masculino | Q95: (98) 9 8169 5929 | S95: 65.130-000 | T95: RUA 4 BLOCO 02 | U95: RUA | V95: 16 | W95: CARLOS AUGUSTO | X95: 2351 .::. Paço do Lumiar | Y95: MA | Z95: Suzane de Jesus Sena Brandao | AA95: Henrique Jorge Ramos Brito | AB95: Sim | AC95: 45566.678 | AD95: 45566.678
A96: 7381 .::. U.I. PROFª NADIR NASCIMENTO MORAES | B96: Matutino | C96: 40 .::. FUNDAMENTAL I (1º AO 5º ANO) | D96: 1º grau | E96: 4 ANO | I96: Gabriela Coelho da Silva | J96: 41799 | K96: 62021366340 | O96: Feminino | S96: 65.130-000 | T96: RUA 09 | U96: QUADRA 26 | V96: 9 | W96: CIDADE VERDE I | X96: 2351 .::. Paço do Lumiar | Y96: MA | Z96: Maria Margarida Barros Coelho | AA96: Marcondes Antonio Ferreira da Silva | AB96: Sim | AC96: 45568.477 | AD96: 45568.477
A97: 7381 .::. U.I. PROFª NADIR NASCIMENTO MORAES | B97: Matutino | C97: 40 .::. FUNDAMENTAL I (1º AO 5º ANO) | D97: 1º grau | E97: 3 ANO | I97: Gabriel Arthur Santos Torres Pimentel | J97: 42406 | K97: 63100515390 | O97: Masculino | S97: 65.130-000 | T97: RUA 54 | U97: QUADRA 102 | V97: 20 | W97: MAIOBAO | X97: 2351 .::. Paço do Lumiar | Y97: MA | Z97: Franciele de Maria Ramos Santos | AA97: Jadielson Torres Pimentel | AB97: Sim | AC97: 45568.356 | AD97: 45568.356
A98: 7381 .::. U.I. PROFª NADIR NASCIMENTO MORAES | B98: Matutino | C98: 40 .::. FUNDAMENTAL I (1º AO 5º ANO) | D98: 1º grau | E98: 3 ANO | I98: Gabriel Cardoso Laverde | J98: 42260 | K98: 62388113318 | O98: Masculino | S98: 65.130-000 | T98: RUA 1 | U98: QUADRA 11 | V98: 30 | W98: NOVO HORIZONTE | X98: 2351 .::. Paço do Lumiar | Y98: MA | Z98: Noemi de Jesus Lopes Cardoso | AA98: Jairo Alfonso Diaz Laverde | AB98: Sim | AC98: 45568.36 | AD98: 45568.36
A99: 7381 .::. U.I. PROFª NADIR NASCIMENTO MORAES | B99: Vespertino | C99: 41 .::. FUNDAMENTAL II (6º AO 9º ANO) | D99: 1º grau | E99: 9 ANO | H99: 11281948 | I99: Gabrielle Sa Sousa | J99: 39847 | K99: 62084971322 | L99: 551292820153 | M99: SSP MA | N99: 42026 | O99: Feminino | Q99: (98) 9 8229 1124 | S99: 65.110-000 | T99: AVENIDA PRINCESA ISABEL QUADRA 15 | U99: AVENIDA | V99: 7 | W99: VILA KIOLA | X99: 2401 .::. São José de Ribamar | Y99: MA | Z99: Marcia Gorete Lisboa Sa | AA99: Manoel Fernandes Sousa | AB99: Sim | AC99: 45568.689 | AD99: 45569.59
A100: 7381 .::. U.I. PROFª NADIR NASCIMENTO MORAES | B100: Vespertino | C100: 41 .::. FUNDAMENTAL II (6º AO 9º ANO) | D100: 1º grau | E100: 9 ANO | F100: B | I100: Gabriel Rabelo Lima | J100: 40028 | K100: 62084603366 | L100: 551235620159 | M100: SSP MA | N100: 42030 | O100: Masculino | Q100: (98) 9 8720 7380 | S100: 65.110-000 | T100: RUA A QUADRA 14 | U100: RUA | V100: 14 | W100: RESIDENCIAL CORDEIRO | X100: 2401 .::. São José de Ribamar | Y100: MA | Z100: Kletiana Farias Rabelo | AA100: Wenderson de Freitas Lima | AB100: Sim | AC100: 45574.69 | AD100: 45574.69
...

Sheet Planilha1
A1: Instituição de ensino: | B1: Turno: | C1: Curso na Intituição: | D1: Grau: | E1: Ano ou Período: | F1: Turma: | G1: Matrícula: | H1: Cartão: | I1: Nome: | J1: Nascimento: | K1: CPF: | L1: RG: | M1: Expedidor: | N1: Expedição: | O1: Sexo: | P1: Telefone: | Q1: Celular: | R1: Email: | S1: CEP: | T1: Endereco: | U1: Complemento: | V1: Número: | W1: Bairro: | X1: Cidade: | Y1: UF: | Z1: Mãe: | AA1: Pai: | AB1: Apto: | AC1: Cadastrado: | AD1: Alterdado: | AE1: Bloqueio: | AF1: Bloqueado:
A2: =SUBSTITUTE(A1,":","") -> Instituição de ensino | B2: =SUBSTITUTE(B1,":","") -> Turno | C2: =SUBSTITUTE(C1,":","") -> Curso na Intituição | D2: =SUBSTITUTE(D1,":","") -> Grau | E2: =SUBSTITUTE(E1,":","") -> Ano ou Período | F2: =SUBSTITUTE(F1,":","") -> Turma | G2: =SUBSTITUTE(G1,":","") -> Matrícula | H2: =SUBSTITUTE(H1,":","") -> Cartão | ... AF2: =SUBSTITUTE(AF1,":","") -> Bloqueado
A3: =UPPER(A2) -> INSTITUIÇÃO DE ENSINO | B3: =UPPER(B2) -> TURNO | C3: =UPPER(C2) -> CURSO NA INTITUIÇÃO | D3: =UPPER(D2) -> GRAU | E3: =UPPER(E2) -> ANO OU PERÍODO | F3: =UPPER(F2) -> TURMA | G3: =UPPER(G2) -> MATRÍCULA | H3: =UPPER(H2) -> CARTÃO | ... AF3: =UPPER(AF2) -> BLOQUEADO
I4: =SUBSTITUTE(SUBSTITUTE(SUBSTITUTE(SUBSTITUTE(SUBSTITUTE(dados_coletados!Z2, " Da ", " da "), " De ", " de "), " Do ", " do "), " Dos ", " dos "), " Das ", " das ") -> Carliana Lima da Silva | J4: =SUBSTITUTE(SUBSTITUTE(SUBSTITUTE(SUBSTITUTE(SUBSTITUTE(dados_coletados!AA2, " Da ", " da "), " De ", " de "), " Do ", " do "), " Dos ", " dos "), " Das ", " das ") -> Allan Dias de Castro | M4: SUBSTITUIR(SUBSTITUIR(SUBSTITUIR(SUBSTITUIR(dados_coletados!I2; " Da "; " da "); " De "; " de "); " Do "; " do "); " Dos "; " dos ")
I5: =SUBSTITUTE(SUBSTITUTE(SUBSTITUTE(SUBSTITUTE(SUBSTITUTE(dados_coletados!Z3, " Da ", " da "), " De ", " de "), " Do ", " do "), " Dos ", " dos "), " Das ", " das ") -> Andrea Patricia da Silva Estácio | J5: =SUBSTITUTE(SUBSTITUTE(SUBSTITUTE(SUBSTITUTE(SUBSTITUTE(dados_coletados!AA3, " Da ", " da "), " De ", " de "), " Do ", " do "), " Dos ", " dos "), " Das ", " das ") -> Franscisco das Chagas Feitosa
I6: =SUBSTITUTE(SUBSTITUTE(SUBSTITUTE(SUBSTITUTE(SUBSTITUTE(dados_coletados!Z4, " Da ", " da "), " De ", " de "), " Do ", " do "), " Dos ", " dos "), " Das ", " das ") -> Maria Jose do Nascimento Bastos Pinheiro | J6: =SUBSTITUTE(SUBSTITUTE(SUBSTITUTE(SUBSTITUTE(SUBSTITUTE(dados_coletados!AA4, " Da ", " da "), " De ", " de "), " Do ", " do "), " Dos ", " dos "), " Das ", " das ") -> Eduardo dos Santos Pinheiro
I7: =SUBSTITUTE(SUBSTITUTE(SUBSTITUTE(SUBSTITUTE(SUBSTITUTE(dados_coletados!Z5, " Da ", " da "), " De ", " de "), " Do ", " do "), " Dos ", " dos "), " Das ", " das ") -> Dayse Silva do Rosário Abreu | J7: =SUBSTITUTE(SUBSTITUTE(SUBSTITUTE(SUBSTITUTE(SUBSTITUTE(dados_coletados!AA5, " Da ", " da "), " De ", " de "), " Do ", " do "), " Dos ", " dos "), " Das ", " das ") -> Crysthian Gregory Abreu Costa
I8: =SUBSTITUTE(SUBSTITUTE(SUBSTITUTE(SUBSTITUTE(SUBSTITUTE(dados_coletados!Z6, " Da ", " da "), " De ", " de "), " Do ", " do "), " Dos ", " dos "), " Das ", " das ") -> Rafaela Costa do Nascimento | J8: =SUBSTITUTE(SUBSTITUTE(SUBSTITUTE(SUBSTITUTE(SUBSTITUTE(dados_coletados!AA6, " Da ", " da "), " De ", " de "), " Do ", " do "), " Dos ", " dos "), " Das ", " das ") -> Adanias Nogueira
I9: =SUBSTITUTE(SUBSTITUTE(SUBSTITUTE(SUBSTITUTE(SUBSTITUTE(dados_coletados!Z7, " Da ", " da "), " De ", " de "), " Do ", " do "), " Dos ", " dos "), " Das ", " das ") -> Catharina Maria Azevedo Chaves | J9: =SUBSTITUTE(SUBSTITUTE(SUBSTITUTE(SUBSTITUTE(SUBSTITUTE(dados_coletados!AA7, " Da ", " da "), " De ", " de "), " Do ", " do "), " Dos ", " dos "), " Das ", " das ") -> Marcello Carvalho Bittencourt
I10: =SUBSTITUTE(SUBSTITUTE(SUBSTITUTE(SUBSTITUTE(SUBSTITUTE(dados_coletados!Z8, " Da ", " da "), " De ", " de "), " Do ", " do "), " Dos ", " dos "), " Das ", " das ") -> Lindalva Silva Ferreira | J10: =SUBSTITUTE(SUBSTITUTE(SUBSTITUTE(SUBSTITUTE(SUBSTITUTE(dados_coletados!AA8, " Da ", " da "), " De ", " de "), " Do ", " do "), " Dos ", " dos "), " Das ", " das ") -> Roberto Correia Alves
I11: =SUBSTITUTE(SUBSTITUTE(SUBSTITUTE(SUBSTITUTE(SUBSTITUTE(dados_coletados!Z9, " Da ", " da "), " De ", " de "), " Do ", " do "), " Dos ", " dos "), " Das ", " das ") -> Anny Karolynny de Sousa Machado | J11: =SUBSTITUTE(SUBSTITUTE(SUBSTITUTE(SUBSTITUTE(SUBSTITUTE(dados_coletados!AA9, " Da ", " da "), " De ", " de "), " Do ", " do "), " Dos ", " dos "), " Das ", " das ")
I12: =SUBSTITUTE(SUBSTITUTE(SUBSTITUTE(SUBSTITUTE(SUBSTITUTE(dados_coletados!Z10, " Da ", " da "), " De ", " de "), " Do ", " do "), " Dos ", " dos "), " Das ", " das ") -> Aline Figueiredo de Sousa Correa | J12: =SUBSTITUTE(SUBSTITUTE(SUBSTITUTE(SUBSTITUTE(SUBSTITUTE(dados_coletados!AA10, " Da ", " da "), " De ", " de "), " Do ", " do "), " Dos ", " dos "), " Das ", " das ") -> Andre Luis de Jesus Correa
I13: =SUBSTITUTE(SUBSTITUTE(SUBSTITUTE(SUBSTITUTE(SUBSTITUTE(dados_coletados!Z11, " Da ", " da "), " De ", " de "), " Do ", " do "), " Dos ", " dos "), " Das ", " das ") -> Lilia Raquel Matos Guimaraes | J13: =SUBSTITUTE(SUBSTITUTE(SUBSTITUTE(SUBSTITUTE(SUBSTITUTE(dados_coletados!AA11, " Da ", " da "), " De ", " de "), " Do ", " do "), " Dos ", " dos "), " Das ", " das ") -> Uiron Marcos Everton da Silva
I14: =SUBSTITUTE(SUBSTITUTE(SUBSTITUTE(SUBSTITUTE(SUBSTITUTE(dados_coletados!Z12, " Da ", " da "), " De ", " de "), " Do ", " do "), " Dos ", " dos "), " Das ", " das ") -> Carmen Celia Ferreira de Sousa | J14: =SUBSTITUTE(SUBSTITUTE(SUBSTITUTE(SUBSTITUTE(SUBSTITUTE(dados_coletados!AA12, " Da ", " da "), " De ", " de "), " Do ", " do "), " Dos ", " dos "), " Das ", " das ") -> Irandir Araujo Nunes
I15: =SUBSTITUTE(SUBSTITUTE(SUBSTITUTE(SUBSTITUTE(SUBSTITUTE(dados_coletados!Z13, " Da ", " da "), " De ", " de "), " Do ", " do "), " Dos ", " dos "), " Das ", " das ") -> Rayanne Elaine Garcez da Silva | J15: =SUBSTITUTE(SUBSTITUTE(SUBSTITUTE(SUBSTITUTE(SUBSTITUTE(dados_coletados!AA13, " Da ", " da "), " De ", " de "), " Do ", " do "), " Dos ", " dos "), " Das ", " das ") -> Emanuel Monteiro de Lima
I16: =SUBSTITUTE(SUBSTITUTE(SUBSTITUTE(SUBSTITUTE(SUBSTITUTE(dados_coletados!Z14, " Da ", " da "), " De ", " de "), " Do ", " do "), " Dos ", " dos "), " Das ", " das ") -> Keila Nunes Veloso | J16: =SUBSTITUTE(SUBSTITUTE(SUBSTITUTE(SUBSTITUTE(SUBSTITUTE(dados_coletados!AA14, " Da ", " da "), " De ", " de "), " Do ", " do "), " Dos ", " dos "), " Das ", " das ") -> Hugo Deleon Lima de Brito
... I280: =SUBSTITUTE(SUBSTITUTE(SUBSTITUTE(SUBSTITUTE(SUBSTITUTE(dados_coletados!Z278, " Da ", " da "), " De ", " de "), " Do ", " do "), " Dos ", " dos "), " Das ", " das ") -> Deuziane Cardoso Mesquita | J280: =SUBSTITUTE(SUBSTITUTE(SUBSTITUTE(SUBSTITUTE(SUBSTITUTE(dados_coletados!AA278, " Da ", " da "), " De ", " de "), " Do ", " do "), " Dos ", " dos "), " Das ", " das ") -> Gracinaldo Mesquita
I281: =SUBSTITUTE(SUBSTITUTE(SUBSTITUTE(dados_coletados!I279, " Da ", " da "), " De ", " de "), " Do ", " do ")
I282: =SUBSTITUTE(SUBSTITUTE(SUBSTITUTE(dados_coletados!I280, " Da ", " da "), " De ", " de "), " Do ", " do ")
I283: =SUBSTITUTE(SUBSTITUTE(SUBSTITUTE(dados_coletados!I281, " Da ", " da "), " De ", " de "), " Do ", " do ")
I284: =SUBSTITUTE(SUBSTITUTE(SUBSTITUTE(dados_coletados!I282, " Da ", " da "), " De ", " de "), " Do ", " do ")
I285: =SUBSTITUTE(SUBSTITUTE(SUBSTITUTE(dados_coletados!I283, " Da ", " da "), " De ", " de "), " Do ", " do ")
I286: =SUBSTITUTE(SUBSTITUTE(SUBSTITUTE(dados_coletados!I284, " Da ", " da "), " De ", " de "), " Do ", " do ")
I287: =SUBSTITUTE(SUBSTITUTE(SUBSTITUTE(dados_coletados!I285, " Da ", " da "), " De ", " de "), " Do ", " do ")
I288: =SUBSTITUTE(SUBSTITUTE(SUBSTITUTE(dados_coletados!I286, " Da ", " da "), " De ", " de "), " Do ", " do ")
I289: =SUBSTITUTE(SUBSTITUTE(SUBSTITUTE(dados_coletados!I287, " Da ", " da "), " De ", " de "), " Do ", " do ")
I290: =SUBSTITUTE(SUBSTITUTE(SUBSTITUTE(dados_coletados!I288, " Da ", " da "), " De ", " de "), " Do ", " do ")
I291: =SUBSTITUTE(SUBSTITUTE(SUBSTITUTE(dados_coletados!I289, " Da ", " da "), " De ", " de "), " Do ", " do ")
I292: =SUBSTITUTE(SUBSTITUTE(SUBSTITUTE(dados_coletados!I290, " Da ", " da "), " De ", " de "), " Do ", " do ")
... I431: =SUBSTITUTE(SUBSTITUTE(SUBSTITUTE(dados_coletados!I429, " Da ", " da "), " De ", " de "), " Do ", " do ")
